{
    "name": "Dataflow1",
    "properties": {
        "type": "MappingDataFlow",
        "typeProperties": {
            "sources": [
                {
                    "linkedService": {
                        "referenceName": "wssynapse2022-WorkspaceDefaultStorage",
                        "type": "LinkedServiceReference"
                    },
                    "name": "source1"
                }
            ],
            "sinks": [
                {
                    "linkedService": {
                        "referenceName": "wssynapse2022-WorkspaceDefaultStorage",
                        "type": "LinkedServiceReference"
                    },
                    "name": "sink1"
                }
            ],
            "transformations": [],
            "scriptLines": [
                "source(allowSchemaDrift: true,",
                "     validateSchema: false,",
                "     ignoreNoFilesFound: false,",
                "     format: 'delta',",
                "     fileSystem: 'tkdlsgfilesys',",
                "     folderPath: 'data/annual_finance') ~> source1",
                "source1 sink(allowSchemaDrift: true,",
                "     validateSchema: false,",
                "     format: 'parquet',",
                "     fileSystem: 'tkdlsgfilesys',",
                "     folderPath: 'data/annual_finance',",
                "     umask: 0022,",
                "     preCommands: [],",
                "     postCommands: [],",
                "     skipDuplicateMapInputs: true,",
                "     skipDuplicateMapOutputs: true) ~> sink1"
            ]
        }
    }
}