{
    "now": "2022-09-26T15:54:45.460Z",
    "perfNow": 25854.700000047684,
    "diagnosticCorrelation": "a7586822-d660-4f3a-9c27-6eaa3b9f1e1c",
    "source": "DownloadSupportFiles",
    "environment": {
        "productName": "a365",
        "buildVersion": "22.0921.22",
        "environmentType": 9,
        "resourceName": "wssynapse2022",
        "resourceRegion": "westeurope",
        "resourceGroup": "RG_synapse1",
        "subscriptionId": "7bb22fd9-06b5-445f-b8d4-570117630941",
        "sessionId": "e+Cdd",
        "operationId": "SzE5C",
        "gitType": "live"
    },
    "additionalInfo": {
        "selectedResource": "Dataflow1",
        "selectedResourceType": "dataflow"
    }
}